gene,importance
stat5a,0.014679888518025737
aurka,0.012650663950123011
vegfa,0.01262906104116548
apaf1,0.012449975800850385
bcl2,0.012136733470234267
bmf,0.01153435471683168
smad6,0.011485399251201378
cdkn2c,0.011268473568342426
fn1,0.01120367854960977
mmp11,0.011029068236623734
stat5b,0.010742128199063295
jag2,0.010415168570685682
cdk2,0.010192978734513967
hes6,0.010029344619995216
e2f7,0.009874679132522426
maml1,0.009677115635258955
src,0.009653203268027466
erbb2,0.009633526391696621
pdgfb,0.00955221220135206
tubb4b,0.009475205823755571
mdc1,0.009462337071532984
notch3,0.009372280327392062
st7,0.009355075687628054
rps6kb2,0.009258372350432406
pik3r2,0.009064325290811538
rad51,0.009032094316965267
akt1,0.008928056794390198
map2k4,0.008885209188828872
hes4,0.008544523668573967
pten,0.008391563886438413
cdk4,0.008330383895512298
mmp9,0.008282548299160416
cxcl8,0.00819988140907133
flt3,0.008016287135612884
fgf2,0.007998080028974746
abcb1,0.007961155857336973
smarcd1,0.00796052524150088
col12a1,0.007940070093865622
serpini1,0.007872577010498333
e2f8,0.007826906345189294
raf1,0.007749011936808798
ackr3,0.007741084802220917
tbx3,0.007551919182058128
map3k3,0.007528170685304144
dll4,0.007391937387654724
rassf1,0.007331313298273915
e2f2,0.007153733868119475
spen,0.0070990278335751065
ptk2,0.007093646664835421
tsc2,0.0070509230373082335
notch1,0.007045113460789152
diras3,0.007004050592288955
ryr2,0.006951984311393814
asxl2,0.006951115054301193
jak2,0.006942741443029341
bmpr1b,0.006937933083547789
cdk1,0.006914543877675537
map3k13,0.006904876481431854
mmp1,0.00685525602337877
hsd17b4,0.006849502402243992
foxp1,0.00684151904875133
abcc10,0.00682370181111989
ppp2r2a,0.006817325804284472
mmp15,0.006771875536015265
mmp2,0.006759610695963253
col6a3,0.006757491885282174
vegfb,0.006713432886016686
asxl1,0.006702470006204726
aph1b,0.006658419250246048
mmp24,0.006596096011395994
eif4ebp1,0.006581539159531441
foxo3,0.006567921071884349
ncor2,0.006556448980922546
tgfbr3,0.006495547753757695
fancd2,0.0064901608928822595
rbpj,0.006480072196455009
ccne1,0.0064653015104587765
lifr,0.006462645859216907
pdgfrb,0.006430717503940006
ncoa3,0.0064055346410671595
hsd17b13,0.006373840875357367
ahnak2,0.00635841840317476
dtx2,0.006324151817302158
setd2,0.00627714023783393
rbl1,0.006234901338454317
map3k4,0.006180362666973339
hla-g,0.0061633462702485745
wfdc2,0.006160458709119767
myh9,0.006158832307702186
bard1,0.006118448799563822
smarcb1,0.006106691082541821
ep300,0.006100528246659249
nfkb1,0.006056903160731087
egfr,0.005934463644678791
dlec1,0.005898031939517593
kdm3a,0.00581546895204223
bmp3,0.005801770674002366
folr3,0.005751223836841185
mapk8,0.0056783673778597775
arrdc1,0.005596859983586596
met,0.0055908628842666706
slc29a1,0.005522591957079935
stat2,0.005520655007869748
nrip1,0.005481343724242811
stmn2,0.005456887444630793
gata3,0.0054107102480513815
prkcz,0.0053933665331829545
ccnb1,0.005371314413356164
twist1,0.005368774440846468
hsd17b8,0.005356990236903607
mapk4,0.00534947198701098
rptor,0.005315733646624228
mapk7,0.005290452065006927
ctnna1,0.005273321583467524
star,0.005220606364246909
prkg1,0.005210206562960846
mmp26,0.00520935675799985
acvr1b,0.005203418320467824
e2f1,0.0051923168801205274
tnk2,0.0051838232101209
inha,0.005149448684702337
cdc25a,0.005084446961080647
men1,0.005077655351672625
prkacg,0.005071129925194788
myc,0.0050569457907279425
itch,0.004984469661082956
adam17,0.004930995318676213
hes2,0.004890520681275797
hdac9,0.00489026895591024
brca2,0.004872472150560093
mecom,0.00485459405350681
bmp7,0.004844655769970196
hey2,0.0048220666792882
mmp21,0.0048049564364775485
casp3,0.004768823638116786
e2f4,0.004749711969093313
ubr5,0.004732386770064524
akr1c3,0.004704808131613008
dll1,0.0046930257305174234
thada,0.004680896646055929
gsk3b,0.004661228328474447
smad2,0.0046548989372313596
cdkn1b,0.004592602632556009
acvr1,0.004572790793277526
smad3,0.004566204722839667
npnt,0.00454365167086979
hras,0.00451218624647324
mmp16,0.0045090286011718154
mapt,0.004482991048793517
stat1,0.004412558489865446
mmp13,0.004387562163724341
ctbp1,0.004361121505267134
shbg,0.004336143827252407
srd5a2,0.004307429439455676
map2k3,0.004297882898841344
smarcc1,0.004282401035197836
e2f3,0.004269375294443532
ctbp2,0.004260856109020232
rps6,0.004247503901998793
prr16,0.004219879010603153
bcas3,0.004195124765844389
cir1,0.004184967922462678
myo3a,0.004117471305949881
bad,0.004098677862839956
psenen,0.004091568126164525
afdn,0.004070363071589804
tgfbr1,0.004038079418281951
msh6,0.003995699616479899
cbfb,0.003993721711886781
mmp27,0.003972496360280207
dnah5,0.003909611192598895
gdf2,0.0038985092559201285
arid2,0.0038943734332097385
nrg3,0.003888952871851657
siah1,0.0038812120353570187
rps6kb1,0.0038427999757594217
smad7,0.003836637056138774
slco1b3,0.0037892074165758885
sptbn1,0.003780715701042128
nek1,0.003764011726464863
rps6ka1,0.0037413675426262076
smarcc2,0.0037373104902638453
mapk14,0.0037319402896162186
igf1r,0.0037269507510144548
kit,0.0037093023752585857
setd1a,0.003683669236116421
utrn,0.003665689441097556
lfng,0.0036369091593135153
numbl,0.003590338209449575
gps2,0.0035730514247556983
apc,0.0035654730396586665
slc19a1,0.003557698775155047
cacna2d3,0.00354459909865707
chek1,0.0035313066275171247
klrg1,0.003518442680357156
tg,0.003506891434398436
map2k5,0.003484004190847462
hist1h2bc,0.0034795451992843843
spry2,0.0034751630520374567
atm,0.0034739722721603616
abcc1,0.0034717005549234755
prkce,0.0034685521052689396
acvr2a,0.0034574466662499396
abcb11,0.003436571124009586
pdgfa,0.003432265038947752
ptpn22,0.003421355310758462
ran,0.0033810752138940447
mapk12,0.0033737590392943443
aff2,0.003332671035044162
hsd17b6,0.003312820410104467
nt5e,0.003306314017387183
hif1a,0.0033000439663252155
cdk8,0.0032822648836358503
large1,0.003267127196825944
sik2,0.0032648337668844908
itgav,0.003256133995555389
tsc1,0.003251572060940412
mmp23b,0.0032454126150438987
palb2,0.003245097135136965
smad5,0.003224047951291988
cyp3a5,0.0032081557018062558
nr3c1,0.0031919487320981625
map3k1,0.0031857135967146423
akt3,0.0031598964231329494
map2,0.0031316143269330857
smad1,0.003120308261828333
muc16,0.003107183169577408
clrn2,0.003087125443168285
heyl,0.003081161904408474
chek2,0.003074223924832714
wwox,0.0030640639640919457
plagl1,0.0030469375043479393
mmp25,0.0030387395403842538
rpgr,0.0030333033232271887
mmp12,0.002999012304147151
rheb,0.00296529309360598
ugt2b17,0.002954559895184547
nr2f1,0.0029277761472739547
casp8,0.0028850434391474496
fam20c,0.002862904054552473
lamb3,0.002857412668609632
psen1,0.0028447568388836222
akr1c4,0.002841648841655833
kras,0.002836233068407699
cyp17a1,0.0028269958749301567
pde4dip,0.0028125815237298873
casp10,0.002807089003695575
hsd17b12,0.00280244008238305
bmpr2,0.00278960330384215
stab2,0.0027633794430012466
kdr,0.0027551734304150743
gdf11,0.002746980819278246
zfp36l1,0.0027401882777391227
cul1,0.0027284972692103583
csf1r,0.0027208973253547734
arid1a,0.002716872016763874
sgcd,0.002705739360469944
pbrm1,0.0026879541817576
palld,0.0026682988157062937
tp53,0.002653222357125349
usp9x,0.002638605568559224
pdgfra,0.0026243521710068623
mmp14,0.0026062207672914806
rfng,0.002604722070229939
nfkb2,0.0026043867950995914
aph1a,0.0026000440263240668
smad4,0.002594098324481889
runx1,0.002579859433940384
msh2,0.0025665493482488217
fgfr1,0.0025622415561917513
chd1,0.0025433788589494994
bcl2l1,0.002533915385054761
ptprm,0.002505392494699495
dll3,0.0024946300892304827
ccnd2,0.0024943354999603473
mmp28,0.002493351255003447
cdh1,0.002482757396544485
nbn,0.0024739027087104975
ncoa2,0.0024454038974802733
nf1,0.002443143399480022
casp9,0.0024403692701805875
thsd7a,0.0024238409076689196
ccna1,0.0024230514964042665
bmpr1a,0.002416940704972463
rab25,0.002416536890428761
csf1,0.0023719067368274185
fgf1,0.0023707146950909877
dnah11,0.002369472488153181
igf1,0.002349416739059928
itgb3,0.002346296620308513
clk3,0.0023433751151475724
mtor,0.002342384341324007
mapk6,0.0023267512921769213
cyp3a4,0.0023228784262517336
taf4b,0.002315890389368571
map3k5,0.0023141716610714383
hdac2,0.0022812168496369133
cyp11a1,0.0022741045216580907
brca1,0.0022739202497407936
hsd17b2,0.0022610526674554173
arl11,0.0022480193148241576
dtx1,0.002235661565834932
ptprd,0.0022318162216014357
eif4e,0.0022196433489575108
tgfb2,0.00221105173158985
setdb1,0.0022024190591464006
hsd17b11,0.0022018637656528923
ctcf,0.0021935985502559673
agtr2,0.002184974431103888
bmp5,0.0021817804588801755
prkci,0.002171925790270911
akr1c2,0.0021697614503090965
srd5a1,0.002137451703940011
ncstn,0.0021205582259280625
pik3r3,0.00210945410244227
hsd3b2,0.002098599357946058
mdm2,0.0020978062264161343
eif5a2,0.0020789131453391096
sox9,0.0020711660982518274
birc6,0.0020419436637209324
syne1,0.0020373621801124423
adgra2,0.002030647678367008
ldlrap1,0.0020253272875314916
srd5a3,0.0020235177587381507
erbb3,0.002015192877737673
ccnd1,0.0020082469285552865
acvr2b,0.0020006862236984072
dph1,0.001973081626906493
rasgef1b,0.0019657008895849638
ugt2b7,0.0019594546921258304
hes7,0.0019589938627101824
hey1,0.0019567672114789397
tubb1,0.0019549859724298743
nf2,0.0019507940384564902
map2k2,0.0019490839296995995
mmp3,0.0019470814712632754
hsd17b7,0.001942618690738954
ccnd3,0.0019282712903265556
tbl1xr1,0.0019282460821931423
ppp2cb,0.0019269965156322793
cyp11b2,0.0019232573437523255
jag1,0.001920193713359286
folr2,0.0019141855662756365
rps6ka2,0.001896163463932422
ush2a,0.0018749461196280826
rbl2,0.001871650028073787
zfyve9,0.0018690934748443037
epcam,0.0018687497189389826
fas,0.0018678819938161492
jak1,0.0018659332569240863
map4,0.0018643244118855499
dtx3,0.0018540030234367962
nrarp,0.0018481341506618196
stk11,0.0018443069909510063
rbpjl,0.0018354766469167738
hsd3b1,0.0018146607392471499
mmp19,0.0017921280348976627
mapk1,0.0017805644502032795
bbc3,0.0017600294930465072
dtwd2,0.001747320780878083
nr1i2,0.001746830815888789
cyb5a,0.0017466978628205797
cdkn2b,0.0017370024490999663
map2k1,0.0017329447853378609
acvrl1,0.001727447431150082
magea8,0.0017182095250371243
pik3r1,0.0017125853288476203
kmt2d,0.0016975914533021088
peg3,0.0016926190946337605
mapk3,0.0016890611078370507
col22a1,0.0016839526254436258
pdpk1,0.0016723254318759683
bmp6,0.0016606898448234683
hes1,0.001642690699812355
mlh1,0.001633845171783024
tgfbr2,0.0016205657085324506
dab2,0.0016143599684457716
akr1c1,0.001613844910303265
prkd1,0.001613554441244133
gldc,0.001612535998728539
sik1,0.001606458650892392
dnah2,0.0016003147442521693
hdac1,0.001595366148330938
tp53bp1,0.001590981150345501
numb,0.0015885858947267423
mmp10,0.001586915326237274
bap1,0.001586115497019942
cdkn2a,0.0015742474689617396
ncor1,0.0015727687360668138
inhbc,0.0015689682024239355
hsd3b7,0.0015625233768690595
arid5b,0.0015501859816112425
map3k10,0.001539600786880912
rad50,0.0015378297790433677
akt1s1,0.001532572600242306
pik3ca,0.0015207840780150923
l1cam,0.0015183111492498018
cyp3a7,0.0015117196252346875
cyp21a2,0.0015097290113654136
terc,0.0015082630779132008
alk,0.0015070172888639309
mlst8,0.0014930145623959195
herc2,0.0014919825996078846
mmp17,0.001487488814802873
rad51c,0.0014872452380719399
cdkn1a,0.001475874003265037
cxcr2,0.0014690394170884247
tgfb1,0.0014685561175380747
cxcr1,0.0014612916768131936
rictor,0.0014544046467271084
smad9,0.0014491681902796575
casp6,0.001446682359176206
maml2,0.0014452370076347971
ros1,0.0014381938914915355
lipi,0.0014381252875510756
bmp10,0.0014107310641999907
prkcq,0.0014076756165602574
snw1,0.0014070230885300746
taf1,0.001404217178681134
ahnak,0.0013984681930640048
mapk9,0.0013937247127659596
foxo1,0.001390084676707818
myo1a,0.0013722144533628046
folr1,0.0013703592294305096
tulp4,0.001354800879563513
casp7,0.0013517686199863003
sf3b1,0.0013505831683811086
rb1,0.0013500333424665552
hsd17b1,0.0013402814452232925
psen2,0.0013372489073300322
braf,0.0013290552701524423
erbb4,0.0013230707043161893
gh1,0.001311724536664354
hsd17b14,0.0013098588332219926
prps2,0.001309729907931774
tubb4a,0.0013017696257175313
rdh5,0.0012988592226910452
cyp19a1,0.001296877240896338
nras,0.001287366188894395
bmp4,0.0012859039837189532
fanca,0.0012704541522388364
ttyh1,0.0012676585672351602
mmp7,0.0012546009335477001
shank2,0.0012526101969219051
dtx4,0.0012433132096688136
kdm5a,0.001242524477859599
ctnna3,0.0012273374683079608
pms2,0.0012224951227594435
bmp2,0.0012151780598002669
akt2,0.0012129436614496446
rad51d,0.0012028524730588422
ddc,0.0012020350583509158
arid1b,0.0011906830920935011
lama2,0.001189861744776823
frmd3,0.001177488547186012
cdk6,0.0011725188870474804
atr,0.001172273197943171
kmt2c,0.0011534665105633242
ar,0.001145468586070783
ugt2b15,0.0011444028273470191
sbno1,0.0011356998328371172
stat3,0.0011295970267230923
hsd17b10,0.0011092668519296115
tert,0.0011045755309495942
acvr1c,0.0010971190910119596
akap9,0.0010877914658295386
fbxw7,0.0010778156067166938
izumo1r,0.001076696710496727
adam10,0.0010591308361224743
cyp2c8,0.0010568008781739113
spaca1,0.001046875376517411
cyp3a43,0.0010352031490373083
maml3,0.0010326791647462077
hsd17b3,0.0010097840396959068
e2f6,0.0009771541467864767
tgfb3,0.0009426026242713194
mtap,0.000933651071022723
kdm6a,0.000906329374491875
opcml,0.0008624680436671244
agmo,0.0008621484236473238
hes5,0.0008482993294380299
gpr32,0.0008151394336101633
sdc4,0.0008113025203553583
e2f5,0.000797945364547278
or6a2,0.0007945760067702204
notch2,0.0007927268103016002
inhba,0.0006627933979029737
bmp15,0.0006472572759081947
bche,0.0006147244057922728
